width_in_cm,height_in_cm,color,brand
300,315,yyPSZSI,gU LXj
251,244,IZfiLd,Kclfbw
245,321,HkiPxf,TMxqHEW
191,283,jwWLpOa,Z ZbzA
119,285,yQBeMl,YuUyHFO
222,381,IqJizaZx,mRQit
283,368,hOqEcB,DTTpoDXjkO
176,341,emKIgzj,PUWqTeR
149,215,dwaYTg,YHilG
116,165,yUXukoRi,yZjuMGZiuW
183,216,DErAnwFW,IiFmrFZ
273,274,bCmGPyArZA,jXRYxaz
290,240,rtnzXoi,DNSXfLRPFx
191,311,zuqlS,ywDyvaRVex
103,275,uiIfzrPWc,ELWEqSIx
297,177,dcWeAjbeo,pWlZFcT
206,275,FmDiAQIKAE,PxGtiIkHWV
103,211,WJUcol,JFFfY
240,234,tBxqcA,CLuEq
105,254,dbPwWVWTEX,"NwnPnwh "
259,286,SYEJZHhMpl,kAjTxVrr
149,343,GxzzT,KmNXvXcSY
182,379,bpjjoxuuz,WiVVFTn
299,207,"lSUpmMauN ",kOebTwHbUa
296,305,ZENOBJGTK,eabjd
222,349,JEveiknZoV,dotMURqUl
224,224,fsMAa,BRAPDPoLF
124,253,hBNAfZDNO,CXVPaV
208,352,vAPje,dGoyEZZv
156,294,NCgNO,Llzrpq
300,376,"bEiX MRr ",vHEDZge
239,354,EysyTz,OgYkwfvz
115,397,dAZHz,ZryeBCu
296,272,gSMcGsA,SmFY qQXOq
109,253,VOEcpB,MRJxw
124,308,pDZfqJESwh,PhUtrfnJE
124,385,pMDFrrN,mPeSZ
168,281,RvOTdyF,BgK qII
263,234,OL fPIwK,hhJgQAKd
295,400,RQSAEZn," mEsCy"
148,191,UvfywU,uk xuvlkEC
106,181,DKKIRiHa,YRCLENUb
269,222,KCB OmrL,kyYpM
217,301,cwItxDs,H iPZEGJ
208,193,WwQorZTn,TwUpzpy
158,187,KThfazK,JWMcPvmEYs
181,261,dKQSQdGNhy,oWTteHeDzT
191,367,KjgMtXMK,owDqEe
169,282,tzhrP,YFxffzm
241,261,zvDBYSkK,IycBNYqF
129,259,RYYDYMN,hYdCn Im
213,329,qNuRvQcheq,JWTAWFEUJ
105,344,rjgGWwfkF,hQPeM
219,183,QbWdK,K ITtMiHk
106,280,OKJrRsbYE,GyLOd
219,369,ULZlG,pjdDDjc
243,243,xGukiAP,JPMfQ
105,380,egqJUYo,cEqeMWoM
117,284,HYQtIBY,EJxOBMc
212,263,dUGVg kvKN,JUqrhcEi
134,186,ZYUyaUZVT,motXwdMm
250,263,bSDXslsR," nF ezy"
299,170,Yfwta MIJn,YAXwEPOpZ
180,176,RDLfT Hw,PYyEEAskY
225,164,"vTLX ",vijBT
252,324,LydQvAHkU,LYxTBPM
275,320,oXBvtX,qHQRqbO
168,156,oqhdHT CZ,FSDdAh
226,357,HNfTf,UwVeBN
100,290,"QLpGnoSJn ",yyKnXRNey
132,260,DYddeEMTIg,Ohv cq
243,303,kNFFISqIL,kVvtE rt
125,246,SjtMTBpT,dGcdrvhShA
225,173,wojqmS,eDFDLS
154,347,XccZoBy,lfzucwaHj
256,335,BOkjnA,mbDHt
204,309,yQcRxqljS,lQdVvhX
225,208,xMJr MvRdf,wQLxiR
279,151,Sc NO,RaaVrKS
260,207,LCwHgCX,lUkCkZBbnv
192,184,wPVQzxQYgS,MCsBsVpojz
261,253,Vk uQ,rJdZlVFrV
284,307,zdUfiqpZk,VhefopRNWv
259,233,lZvnRA,zTwZx
271,155,KhjQguVwdn,kyoRzxSyRM
161,154,VBQkXU,tHVXiqjt
185,213,wOOczBdA,XrLhurXexn
104,330,cUGaFri,EsnIPSJnfL
125,379,EvtNizEJh,mcKNnnx
300,289,sxOPGr,opIEm
295,354,NRKozn,VfXUhk
243,298,dyLIoBsVl,jNZfcd
149,314,bjNkkAf,LtCUjE
219,359,tlgqr P,jKxToIdjj
148,254,zpPwhB,IJMSG
208,171,oyawe,lawuNSrBwH
278,236,ItHcDblOU,epzdq
234,282,ujQePf,VNNJgAPhJ
299,378,KhUbVpV,WgAE AMqP
175,195,MoVUfdNO,RBrSGl
246,337,zxmQYllujm,ukHqUkiISC
200,263,iOhPUGBUHI,YOZeuS
160,375,STFXxuCd,rOEXkRn
218,241,kBJhKojnD,KshESYm
115,307,OVOkqghAOi,Uqobbm
254,338,BXVEwoLi,rDRWOsJ
184,364,prmPYtX,eqCxdBJTB
253,372,aINqiNuvUo,xQEIJESY
252,231,xITxL,MSAkOlUUr
146,251,lopyTObB,OmQIGRSt
226,185,fKINwbh,HosFVjJpZ
276,189,tCCpQEvSwD,PECGGY
207,174,LwUpd,oEaNXDoN
274,282,yUWAGWPG,TZfEU
115,181,LiSSEkE,FaQTbMoepX
133,399,ugEcuLmSd,DdmenfuPl
139,319,rAEzFbVI,btxNZQnP
294,364,ijQGDbNv,drEgwcdxtL
102,261,NumRm  dE,xKwUIWUF
181,171,taVVSB,RXMapd
150,306,AgVcBK,VOMDt
300,281,UZueXh,hSsUod
211,294,RfXK rhp,NmbLHpZ
255,314,DdU EfnPc,HUbmFAuZH
248,285,U TNLj,bqXnTwhR
254,203,XACuwKq,oFZXHVU
105,306,WpmsQk,rnAvGlSf
144,252,AfNkze,nW askR
161,267,wDCwqRiQyT,bSRgQq
222,342,LIwmA,TFoLwJK
222,291,sgdxJqMN,wNZXq
207,310,yusmWSsyOJ,nSSmDNJjhS
290,397,trRHn,DpHZQIKMM
198,375,ehzLf,hzzidWn
257,354,dMHBJ,wlTxgomKbX
281,181,yyzUG,kloGyGdBE
177,397,RAgPPb,vuXexbybaw
196,218,rOfJYtqKe," aXjr"
127,211,NMbWiK,RBCdAkP
223,308,EJSeAbEmOM,lXHcQIbvl
284,385,SOSIs,RspjI
156,199,eHCweQ,TmNZJbebRM
252,180,NnAyJ,"bBolYv N "
173,342,iYunH,OCcPcQMOp
169,178,eXcdzz,dRVgDEV
242,152,CkYKMF,zyJNNHQj
267,338,SeDfx,FrAmPjA
194,152,TEAGJniRi,UBXFh
188,311,PRpoXdM,EdNlSl
187,203,MrTFRXUwC,UBpHBrU
155,344,yzRHx,hWLTaeFV
230,359,SsXuk,SeziI
106,274,nUHNoULWGh,DthicC
277,198,CqvxSAE,yNcrfWp
207,218,lTIQxsipoZ,tOaXIKqa
278,394,OCophKt,dsyPPnPz
147,205,tjfYCulN,SukiAPYL
152,387,OUAFvVl,KNxVxKoU
122,380,wKMyHZfBMj,qJPyKX
175,304,vmhXjMCMBW,LCJJFs
139,179,"DAcvFAL ",kYIBd
241,316,ojDaEi,qmTVIiE
126,370,GOWirDQ,tguGNdHlC
133,347,FHleM,mClYYmceU
290,195,"yqLFIyIG ",VHtsWoOf
162,283,tNfZMF,ldFWPX
255,299,coUcDpFvOa,tCFvx
243,185,oJgVbKLOFL,dcoZdIJU M
247,298,lKGvgnj,scjHTwLJz
210,157,JMTaE,mkJzgej
296,239,qzmnfgHDj,TwwiuzE
224,256,eshYKEoOV,PRjDVyCc
197,259,IBOziUshWX,zirOViuwRv
115,216,DLpGl,wkzDpynYHM
277,312,AIHTb,sItOoiqI
199,356,kuKZlscf,vM qAAKzx
103,215,VuslHGAoL,dBiHprR
149,206,fwufrOhVD,Fkhxhic
147,190," nZRl",mMBytdRDA
199,293,wJjwyHfg,cxLbqXTh
240,186,hTEITQpUBP,MhKDG
191,353,"RjUI ",bSPBlqHn
126,237,XETSxLMK,HGLCejld
197,384,SIjPF,MeGbzuaTi
134,289,MRVwh,lJQXVxCAhF
153,217,peWGP,YXoQBuS
134,370,xzJmlxoa,mYWbZN
161,344,vAmWuyl,mcBhD
287,201,OnBUwpJPaK,gTPylvK
111,260,fEiQOzme,faven
117,243," WDxnmb",RIvyEIHj
105,373,eibtrtBa,CcVaI
218,183,gxRiLIDfty,yIRUM
117,321,PDgOZgC,NdbKnmG
152,235,JtrwDRev,rhJDO
282,343,NlZwiU,bLFze
117,151,OuiMd P,dhxXWnjIfK
177,215,XCno B,yNcPdo
128,301,wUhajQUD,lHJUL
203,224,zgHbxPm,vjmUUMLAtw
287,279,OIVGyINeo,wtIJVUZou
188,172,KkBPL,KRuybPvScW
221,266,RymEu,NYoZZ
218,241,PsXNGbnz,Hqpmj EUCp
274,272,uHsp MfSl,L juzLvNE
268,382,GcZekPCj,iVAwGL
188,318,"DqfzxE ",yNPIIw
103,234,sMxUKFxfIb," fgg LkEgT"
164,184,NnHJemUJJO,hoXYOQN
119,380,"TCAXaa ",rBhChLX
138,243,WqDMvfzXM,hjVxBV
219,351,MUHeMXFm,hMYxS PKZ
164,335,DGzeUjaX,nNrpeIbPiE
265,281,RGPSxcozkx,DqrTDXm
245,317,qHwiwSNGA,hkpzbqQE
265,210,"byxEoTx ",MqVFNZHI
164,302,pHyHOPev," ZrcLsnb e"
105,312,JuqZtaHq,"nHjFNHi "
265,219,ZBtWESwl,nUmHIgb
173,219,pLjebRyckO,vjgEJq
136,345,rabsBpoPp,gZdgCJXWln
274,275,ncqMSsrGRP,gFFizxvKqX
175,381,pWqUbAQnIT,TKBKu
188,200,DuxZRA,SCCWvcMO
109,295,XPeWgjIkGl,VzqLGyd
217,273,sNwUG,W nkN
238,328,suxJBUHkhh," tCMbaZ FG"
244,247,dn mrjwK,ZDmiRwOYYL
191,188,PjAEpFjotK,oTXvsMZVcL
230,360,TAdHJ,MAhaiUuyl
133,234,vdRkKGXY,WfPkLrP
181,285,PNqYYsykGk,sYEinGvRy
180,213,CrBLOOqaF,nXAkte
179,198,BjgEWwDkS,nzbpBI
279,299,EUEgc,kAMUm
242,270,pMpyhQ,oZ nZKE
175,178,vyGYCI,jlnSJ
201,397,phARvd M,vnNuUhapIN
175,352,DuNasfC," lsb bgYA"
168,268,cTdXi,puQGLO
139,209,AwTJgPbGZ,funvQadzoM
209,167,fUInLUaFe,RvxjjBU
130,294,keNrmOXL,dGoHP
177,179,vBlD P,daggVDqWa
107,333,sLEoK,xRFQQbIZH
249,383,SoNpiaGnow,gKaEVplil
117,217,OWEcmGzH,RevcVKr
257,235,EJXHd,mhbRoS
236,161,HrldPaTQ,NVwkyrx
188,371,oUOSroF,Ipglxbmao
279,300,ybINFh,vBTduSu
269,198,gPHvcuZg,pDqyDK vzD
275,197,RsaSHheCSs,kpWZx
295,347,b pJfov,ebEtwMMJK
215,178,uSsaLXJmjy,eJZhkW
173,322,fTAsbLB,urMwIaFKbb
109,206,UDEi PK," tEVsD"
129,307,FMoCbRt,lNGsP
100,307,KJYDoikmX,RLQNC
232,189,PwdMUSJ,fUXa vt
258,353,slcoVnJ,QbjaEE
123,262,asqimfrW,QrHMT
204,353,bYjAZ,YhbRNjGnx
227,159,SknPQCbBpU,cdbRNkDw
162,365,wtUZQZs,zSiQs
238,275,PWHqcD,LkXXvXzXl
187,213,xREtHDP,CUDOa
131,348,zbFInSBOan,EZgSenEK
173,277,SPvUNWiYMw,oVXqzAK
109,266,n dWuR,uzmLp
258,189,F sMMV,lzBMQqwrEJ
291,284,nWPFXctkdZ,cZ gQZYxVE
279,167,cgdPHHHULr,LNXddjCa
186,198,QaIEroFd,SVpFx
269,179,ODydUed,RlgKJSXr
137,205,XfSayIZvn,DoStvcK
263,178," aJXTMwi",daVUSuae
292,335,xJtwTEnMg,NqcFLGBei
271,385,ALAGIiDBy,uMpNk
226,309,ZEfLbzeuc,VBddHmcO
287,362,kyAzcFW,NeRGp
155,263,dpMhoaWoWk,CdWmtvw
223,274,YnZgxW,EtWYzs
130,174,vnJUfG,nWRkKjnyqn
131,235,wJwIq,"wFyJwX "
122,166,iDpHFgZbw,NRZxyMeTGC
120,283,oNUYlCsp,geqZoXtP
168,164,sWFFkdLJI,f THOSKd
132,314,Gkhgosmq,nZMPQQV
172,301,PctUEO,mEqGxXD
125,376,rWpON,msjnOEvecg
240,193,WNVIPXBJSt,HRvjF
147,350,yRygG URvl,SI hmApuYT
256,362,wnduwz,eAkXVx
109,393,KoXXFZTBJ,GodZdrO
139,288,AYIaj,cvqyc
282,339,vWuEghUg,PahQWm
236,270,XegRPrRev,gFXDCpkF
233,396,CAVfKvg,QbMHCYZv
149,382,"xwzF ",ikScjwx
207,213,mNnebWlCrB,su eJgvZv
202,272,laHDh,pcBSsyVYeb
168,368,BtFMmmocB,KSQSU
210,203,SvnUi,dshFvtUnY
109,246,sWQn W,n SEht
254,175,gSWlZ,hijbtamnsN
114,204,cnhLZ,VgqZi
150,160,iGPtOFLr,TSgJnn xY
231,396,WSj RLN,FAuiRtmHL
127,322,BSKWfVOEEv,RaRFJ
141,217,KOxDt,dTiUWw
215,351,RcfjfqI,qHmbFx
171,284,BHfnkmh,Vp QS xcV
145,171,LpBUzdgf,euMS zYgPV
112,267,ntaINFgCd,hIeHl
103,151,dDbtkNP,TDPoB
297,320,ytkltfec,cqcUPjLIV
200,275,ldLtYcurot,vnaGx
254,285,GJyjh ByYO,GjylYKRqF
169,380,cXcwsM,BApFMpESi
149,381,VRJxbN,MPitiCU
209,150,rDaurbf,CHGgRZ
150,387,HkRXesII,YyEZjJxi
155,371,KBVvoni,YcboE
208,183,sAuOnjpfMJ,CSZgxUEE
107,324,OVSQaQ,oPdsikZX
191,334,VHHJc,MQbVS
254,260,"IgdX ",Opv At
187,380,YCuGqDnB,bjKsBuPd
248,292,zehgXag,fKjquGbU
112,277,jpHGUKzmeU,xatfJuo
252,333,gpDrLIst,gJKlMW
190,348,utJsG,amSfCVmzv
290,339,cvXtObyJ,zUXFe
297,237,cJKbjGIumM,EDHW BUQ
250,183,qlwjWZWU,DQuUlXEaE
170,224,IKWGZzsUz,PkLSgvw
196,225,vaxBhqpJJ,KrnRy
282,388,mDkW OhOBe,YuCxXsNkHl
113,390,QPtAg SER,rhWxnGcqf
278,363,umjcdscKh,pisBPJO
294,304,yydRgdpf,OaETsBkFLT
198,311,KCpYcC,lvfgoaod
212,331,tylSuB,QadYcd
166,293,S IdagPhG,sPUXp
110,335,h plvqqN,iMwTYvtJFH
203,394,PCPLy hT,MYUueu
136,344,rGhXoHM,uBejDJT
266,279,tpBMaTCANT,vQdAiw
104,346,BEidftC," KGmlDODz"
176,220,KTcwzvnLC,WBqkad
134,243,tfKuRkPIRs,DBICxWKbck
152,279,WloyOITovE,rIouQlHLg
287,357,tFOOzghF,ubiMBsytL
105,247,jOsaVKe,"t Rem "
104,376,vTKADB,joUPPGifU
172,155,fukQohctv,fAyzp
125,155,lOCtYFl,OCgAp
213,208,khDfcofZwV,vfCEJbVxck
201,174,AtVdzt,wEJkJBEbXR
117,324,DQOojsn,vrCDFX
282,384,ZpWvoIkU,aMGOcjAcAd
164,301,AXDPKH,YHXbe TUgW
159,251,AAbMHfi,EXygVx
157,374,TzFPcbFYM,n jQyS
285,231,JmRWTfHZIJ,KqrrnBej
227,223,uhxGN,tGV V
199,322,sgOHlyvib,VnGoGcR
182,167,eHbSW,QjIpTrVd
117,246,QFoIhVG,YMTJxS
193,375,bmNsnJxaz,ZNKhhVmg
164,186,FHKQHXFZ,pyVDFZ
288,227,wWPy rgzy,GvMBNs
104,214," UHRRZs",yxFmbO
258,166,hje N,BToguzo
135,391,sKGpRaaw,dl ZW
218,265,FjeyKtL,ye aCZD
211,193,mVPRJImfYK,OttISYzv
144,207,"RDRjUhBN ",QuWDTfdnA
150,155,FNyewjmL,QlSBJ
116,247,YoNzoC,BIyPHv
242,318,QYTHk,EMMKkqvIBc
290,270,yTuQnTQgU,FADrS
117,320,fwWYle,hLFCXCDhH
201,266,"oloxYK ",Xo GZ
208,189,OCy H,fAVkiLZH
141,306,OSyndVvXNk,HPKLob
192,325,iHRSQI,DJBoylTCE
196,184,UhCbpY,sRRgAdlSOs
270,344,xtQMdcfC,LsMSYuYA
275,351,QgFFttXHi,JqFDkp
250,247,AzaFKFgmM,jHrCVNqPx
214,310,H NZq,dOmDJfzZI
229,216,no dO,xhqrTEBIad
194,308,EVMoqhIzbC,BjfXKR
177,283,KyiUPvNh,RVrjvEFV
189,268,JRjck,QKajRXkKX
150,249,OPqTpDwkK,tuFQBni
166,154,HpwonRm,kUXWKDi
291,304,NgTGwhv,FsauPrir
121,377,IkRAS,rngox
264,265,SP qV,boWMCp
196,385,EgoyfHGoxN,FJTrdwhGy
116,171,FRnHRsh,RqmeKdnMK
291,394,Rbply,jhGukP
129,154,dveVZJqh,GyVhPO
106,169,jpagtYXHIZ,eVYdx ZaQ
298,359,KiznT,QMFCAJ
289,153,IbbnBxev,brmzz
248,270,gPFdkUcfO,cjoUggoUE
246,292,hKElpKccY,MuKNGp
194,269,raUpyaou,yMkYqQzw
261,254,GGGWb,ZppFxZij
116,372,XekLCsGH,BLCCF
290,305,ipCJBEdJQ,C VAXPKs
231,164,DYPstIljU,bXSVx
101,305,igLuXefj,GrxMbvLtc
202,219,yTmjP,SgQKNTl
221,393,x nIHb,PSSlPJQB
185,303,eawrhFVX,qKXuL
294,216,CJTNZvhPzI,Wr aic
252,264,UUXQyF,owQJwecsqK
256,201,CMRm Gx,uMsODzCHwI
176,297,"XfhfTpiRm ",bMdLHAzu
137,368,"Vnqg ",XToPM
215,257,uVwLnH,JHfjxB
213,254,cjcuv,fOJqLBPohs
210,262,xixJftglBn,SyrEXeD
108,342,M IqNwk," dlJVxLXI"
207,160,HviaI,ILiP EnEZl
102,316,VyZoKbcuCE,WdnSoITDSA
114,347,CstSOUAtFA,FUCmPScI
158,155,hZFkLdafO," GArCrRdJe"
298,171,d qKgk,wTKzQDb
104,255,tTfdiq,UQRdJ
226,304,tjjqbPz,nvosY
103,280,Pgwjq,UFVrFJnz U
191,269,bqkXkstVVV,gfPxT B
276,370,fOMYngx,vqRSV
244,296,SbqcyItRI,oEzCZ
221,370,ITBLY,HVyL Ju
212,381,AiQWaDNmTU,DEItdxCY
268,166,OMEKufzU,ODamUpDE
191,277,PHWynqyOgu,DNQhWvFL
151,220,lOesIVp,BweiFs
166,365,kTsrByd,ursKeYwCf
121,363,bqHkhyZAx,UtTJeUetQE
266,225,TsIlK vuxh,BoPyl
130,342,ZeXOpcZyT,Nixiwd
231,319,vLdFR HLVR,YjtWNWPZn
158,293,qcFCg,HmpaP
275,217,xqadkbSOmA,yjOjrCDCX
294,390,UXtpTYDB,ywJtbbRaL
117,200,lCQNFM,BCvMaBF
178,177,OsBsY,dYHSFa
135,154,NBTnDw bNv,ldUePTB
216,187,njERpZ,xYmGNBsrKj
120,198,wCbJjQxW,QVKUFr
224,304,HRjrh,yTyGPD
293,362,OpID JGI,YuTsFqMo o
214,316,BKuSlBeV,zogmkq
259,211,LBpBgL,PvPMb
288,184,DMTcT,CdeXm
175,342,oABZH,HsUTws
220,218,fRKso,VCYTVLiK
267,281,GZUhzmI,VgeEFva
240,338,oNFEu,vshFRqfHH
146,194,PGohCVk,ZIgzc
184,238,irfSkO,YhOYqwqHDv
262,336,Vjchmy,mLwxdSqm
277,347,mkrmQQAwo,qaPeVHoC
144,204,gFbdv,DocNDVY
106,151,UiaFM,fwscADK
246,228,pHmrQI,tuDeyOyT
222,157,njdxn," mbyhi"
161,295,KNcxZxLrxA,KhiYW
239,260,VPCOAmzKnt,qJfyqog
204,266,"vgnWJkvyF ",JClJi
167,178,xRakFzOs,TsoobDl
294,225,FjpFUSrM,XFFQTlSU
150,178,ITMKpSzf,UPQjPjfGB
109,224,tQqHAkx,ZcLLU
283,348,QNocG,ZnelCG
234,248,coQcVyH,wIvgSxNc
286,389,uXVzMzkf,PMmXLg
230,287,rvUcQB,dIwwpudtv
141,205,tkwXDmet,QlQYA
255,392,CfnZhxHQTH,knOPbHlV
238,265,zNWILBxj,MyyTeIHg
193,336,MEjXr,erIQSRc
111,380,zlOAdbcq,oOXPTBqE
261,201,VXiQNlVYEJ,mtKKBq
150,386,abKkrFCdUW,vyZMBRPS
276,377,Mhdhcr,IerNazMeDc
185,152,YjajlZpjxH,rfgkEeWdS
108,319,ObuCeMYc,zqmmIA
155,194,fiQUsq,HpWMdNvX
252,386,"TVaf  ",wpkCHEETy
256,379,BhIubwpK,PjGcM
158,377,tDMyl,vuVXOx
280,203,LSioT,XyMfUxm
256,182,KzamxBzMd,cxindb
144,189,oKjitqUU,RPYcB XG
206,325,vvrtd,bCMpuNW
165,355,CT hiVzoqi,yuBGOsKes
181,212,MGkSmp,wulNbgPxK
172,310,xXLCXTemi,epMwmPLD
290,303,cxhiutvXK,QkGhGPKk
236,329,W AWW,saghE mBv
123,375,UPXXDonAqg," EyRnXfRNb"
113,257,egCUFKscw,LydGM XW
155,341,QWaHKPQM,hyKZWu
298,174,XUKcSRrWm,sqrII
219,370,eJNLloaJ,lMIiz
272,315,AejmhDf,aHfd E
266,258,Z LQruoW,VYOsuzO
116,400,"xznhE ",zLKVnKbTk
106,206,YYQYz,xyqoQ
132,333,VrDZtMt,QeVDLDVxrd
204,394,PIykxTgeJ,GvYdHMmjr
212,235,TVAPDFPp,axTeELW
140,321,"RDBk ",iZJkALzFC
235,274,TJsxYEDB,AnnOjVFYK
101,156,oRvdJmFrZa,wUDXKQ
212,196,kRsfJUir,fSVZJ
163,196,LlbPzohl,xBXnar
220,346,spK yCD,OyBQUjY
283,337,HSjbL,QPRthyx
265,320,CqQQiJz,FOfJXVEJD
247,225,YRFQBqZ,QQcFzNS
162,269,WznLZv,HqNzlyFOdc
149,377,NYAxcA,PiNJSIP
207,219,D FHRmQ,WdmhU
239,213," ZxCF",PPYuAjv
181,321,IRSKTEYK n,athqawlPo
223,390,hzCLGpjAnm,RNVwjBL
277,332,XneLNkTp,WCRCtgVISF
167,178,lCpnbFy,gOcfD
300,251,qTBIY,kpQxIH
272,201,OJClSzgCNh,GTuCPqRF
123,265,fEZhkIfw,nhaRquyG
189,361,hBKzcT,"lQpeHRA "
104,327,iGOUY,cGrXI
174,380,IQMXEPzq,qhficXhtoo
169,262,UEklG,KKwDa
268,248,LWUnT,G LNSsbY
282,154,AFGYpl,vhmnPfcVhc
280,242,qrKkymNO,Gv edLk
264,204,nCvQQcuoOK,GPezfx
187,347,TWhKAFHq,AVyYaERYkI
134,297,ISrnaS,vpZbq gWEb
281,384,hlKyCfBBWM,jguaPz
111,362,yve EYrD,RhycUzqFt
201,341,aecZO,k jBBxpN
134,375,"  y Nf",AFsrk
113,304,iqzzwg,WLbipBC
276,230," ebTXTv",fWZGyGk
106,260,gtVep,gznlbgU
126,157,NGkdU,gVRYSEUkn
259,226,XYHxzMTjk,SNQtKsJE
262,277,cFzEMurZe,isbsZ
175,300,xArBEP,ehauq
218,311,hkXZAn,hMotqLXfjh
294,351,OsclzJ,ihBbIKPCy
144,226,oYPsN,MwQAEVC
186,276,pwybVng,NrSlfiUvj
271,209,potLpe,JTYPqSnuKN
127,277,ehogU,cqpEpzg
188,348,NjJMXVSDR,"YygGw "
140,267,PQFSc,FUiVi
245,356,id VX,YkhuMv
131,326,xjYYlFq,nunVX
220,344,pLuMXJnmG,XRjdOF
157,336,ybVWHAVJwF,ihbSan
172,270,ygHFmzj,"GCjlnyWN "
130,294,dqnOo,clGnLCPEuw
114,379,ZFRayfOBd,JIknyzl
115,169,KbUSjotk,pZzgGY
140,210,qkemqgl,tXiPwItS
261,327,lwJYes,goxOoVjvj
288,249,SVjumvWL,htmiDgg
286,383,npCraIwmYu,vwfCtPnz
249,267,PdRbVagySo,tsnpTzZ
243,377,dxlYsjzL,Pzcpw
164,356,aubwi,bhefXMt
236,268,nDXCDYef,padXqhuSr
198,341,DDrUZYpWTA,RjUenxFk
168,200,xVisv,aqf KKj
112,203,SMgXP,cFVOVSCoq
136,285,fFLtjGqLUC,wDvKb
265,219,BIDYivXC,"UraV "
137,298,GZzzmvJpAG,jckXXwzQf
150,309,pRSXwkXhyY,lNbYhVLkfB
240,236,BBcivFF,mMsUsWRQq
197,284,VJiSEZQzYJ,fL qT
165,201,dXWfoyTJjm,GIblnRUOun
133,342,eanBssNqN,QDedqGWLJq
179,169,TmXtcd,gXoiVdf
201,166,ghlCF,KqAbRfKira
164,175,gmsoSjW,cGPIJzUDN
197,389,xIXLwqP,umvUfBxKo
246,222,EvpGxv,JlOvUjB
287,226,gDveijZd,ZZdKvUpwEU
289,351,vlOBIw,EhtqnNJIV
118,334,iIoaclXUs,aNdStvCq
272,301,kdFCgkkeCg,WCjMhmp
216,350,YhOWvPeq,wmUNGtonqn
118,336,OcTIgbMMnk,bjUAen
266,310,wRhNmzmzP,dkORzP
103,276,kjrTxGdlzv,rjnLzQN
229,264,NcsNrThJ,wyFYBT
199,258,TB HdmW,ktEwYQ
265,381,sExky,cgnOXhqli
263,360,ESXVP,ZBHqSwqvK
204,221,bwYYYAUOn,pPQBjPwzV
131,329,SDdqJKs," ZpPLWnMT"
135,244,pxeYcrXX,JIoxFmLC
268,335,vhgfQS,ds UDNXMHi
118,266,DI qjqyIq,vxrnVpngl
177,274,UXIrEdVe,FgBSTQZiW
148,399,AIYzKxoZ,yJbfD
275,265,pUuDA,PSRxZ
242,226,WqbvvkoSJN,NiOd ptR
259,156,ZyKFkodEUy,qTXTP
108,391," RdDCiAD",XXpnph
180,153,gVdBY,BgdBeFZ
203,197,dKtTUToS,plpdsZ
250,360,XrwfosnNGA,EHehtz
226,259,ndHJHzB,GvVZywBUhr
136,297,DVpQMUGA,FCrdoVZhl
112,265,PeyeqKGI,AyrexNqgFX
225,212,rBbjImBCc,eTdcy
262,316,kmLXHMPw," Vgshqvmlb"
211,215,eRlRcKGIQb,ALnnwuOUb
159,215,qgTvd,"CZ zWAS "
192,398,CHPOoHoBBK,IKDKPE
273,176,NiOWugigxa,qVqcuUpYq
120,170,KHntYKCOH,CjOkwsF
178,369,PQYlmZ,RFHcDk
270,322,KCwFZJP,fBCWSY
198,389,pEiytiv,OUJUX
201,317,YdHAI,HlhIm PukL
119,279,zoXBnulSE,eyRBD
289,207,EDmOY,jIktV
281,256,DSulB,fsPXyODxen
155,158,EIiAQEcAqI,epYjIQl
114,159,livRcE,pnQux
220,280,CFtryGN,jnhzJidZE
297,202,hIotklXC,rSdJAl
117,307,NudCUXFT,gdIlpO
109,175,cWnoZB,xSo FaR
199,168,ZLOuzaj,AArNxiF
185,285,hwXlIHXap,p GQwpff
279,387,RRmrm,TlXaCjb
197,359,CFsHrpWK,UbGRGn
219,268,VkAAzSuM,dUSEIUxuvZ
239,304,XONMRwpRAp,YgIXix
183,184,jpCEBYSy,FhleQiKIo
247,231,WhxRmtC,zkdmYLpqo
250,216,hGzqmQLvte,ylWVw
185,304,VsP Rc,ntunWJru
220,290,g juoGcM,RajrqZIEi
118,384,RXqjrO,lZCWQs
249,154,G JaZrD,llpFTa
207,399,aPBMXix,TIZwcjBPTx
128,255,NtXxOpzTu,tCZxWU
126,155,TJLTopFXH,lGkPFQjKI
161,264,f DHnqGgZ,rOgMUFAv
203,306,WQx Qfd,ilkOCo
129,163,RqXSsi,FwAkGzSe
135,346,Ad kPAB,KLKDBkdDp
137,201,ivyHveAFOu,UbZpRnOEJC
128,368,uPfGoOxxIo,ahRXxFH
142,256,bEtYYVm,xtoqD
259,278,YDCYo,kMVWnGNlm
241,286,QibhCORYxH,qzMHtpzHHh
245,356,RXgXky,SSGIE
219,398,ulAzPz,JFcVuiVxy
133,237,wcVbpWfecY,FMgVbmxE
100,209,NbbXfelPV,bJYLDlQ
201,171,PYWqv,KeCRpJ
167,297,lApCRyepW,Mpyiwq
109,280,nsOjJr,bbxSF
293,158,nnbiMpZma,RIGqNoP
251,396,YBEJM,MEWHIq
288,256,h hfccrBD,gBXuOsR
175,197,LV HRZFg,wATjS
194,174,CKYlndFOzN,YukVI
249,372,e GxF,DApvUl
128,205,fcu OcOKAY,NtbWiXCvg
182,322,AiRgIijdC,KTsZF
279,394,GoDqfgjFK,uXBGPc
126,176," nwnLz",JpxXcQU
211,388,rEmULHbEc,KcxRUmf
165,371,HLCKYAv,MwWRRfNzF
125,167,VuFnQ,hwCW gpRKX
176,178,aSBjqkWI,wtdBkP
281,307,vQNzW,EjwxAplFw
273,281,vQrBi,uySGvwRuWs
275,393,ZvUzDhcMq,HEgURaTl
151,309,I QFt,QniQFXgQmc
280,380,iujWcvx,nOPCJ
251,334,yNXEBMleGw,kaypu
184,319,JmFkLQFa,xJgfAaN
162,201,qHnaabNKY,XOjYdI
293,339,LCwXdm,sAOsWKQZ S
207,353,JBYoSdUJ,wBJheTmT
173,159,XTzpVj,vcmlD
105,236,QbrXNM,TjYPyx
156,382,qcGFK,HpnZtQtkWm
161,242,jJb bqPns,WcWlcQ
128,248,Ieb YTr,itfPIVWE
175,154,NTrpBcL,jOnADrrUN
267,255,jXRJbBr,uuKahRvg
111,354,cGdpLHLc,HwCgM
199,335,DCubg,kuWXCg
223,264,KSsjCXPYCG,STJjPEZSY
157,337,UUVTWnPW,YkVarM
237,326,xiH lk,rqnwEG
235,259,TGVsJs,hrbZHCAJ
137,342,FevLeHWzl,NNC JvQX
239,209,LCGqKcTxT,Ecahn
254,150,ylkAaxp,pwLTYFu
166,348,PnbGxb,G xumTLPzN
262,192,jUbtaUqCCu,HxbKnQ
133,227,jnxvwV,bATeUxv
225,362,wsxJvnGb,VJfYoy
287,162,KPjPD,VjsIT
272,256,YDmifuurgs,tFQscjcTl
119,319,jBBpvAcEMn,jvdmLp
225,245,DlgdEA,Tpodr
292,325,qdFUSy,DaVZtzZZMd
224,276,ZETnWOdDQ,twzUlzyVr
267,272,dOxCLzvSS,nJCRuEIFuM
239,345,Cxneqk,SKxyGl
264,367,xSSlUHf,zJnPpMfz
125,258,EtECToib,qBdQS
177,383,sDeIWpwU,reLrMDJuB
244,391,KZWfOb,eSzjP
254,349,alywb,TBe xOJZm
247,314,SMmruFFG,ADCOW
255,282,MCxkfqD,oVnNfToe
137,350,u tmpWd,FtkIPhTnRC
236,300,CpvkQHWS,ftWoFm
297,356,ttcEcdP,wBpyAKA
192,297,hsjrG,WPjYb
204,250,ARYkhTS,YkdPu
183,356,osHaaqfpOA,OaBeOueEkw
237,340,jhXhXXP,CQCBvX iD
205,193,hHqrQmOe,uTg Gvo
283,235,"tTAeeCm ",raCVliZSyC
169,172,sZjRLuhd,lAEQUDBjNS
133,342,BXXGtBl,YTghKp
208,234,zBwxOMqXrO,UXNpizer
292,213,aoniILX,tDuqzp
256,391,cFbBaCwFU,DFcbFyq
169,322,zOPSydQTT,CVFcMwxw
126,173,cPyqZ,rZXwh
134,390,U XIlKH,xXFJeHODpd
243,245,iWncm,lFYSJfFk
118,331,erBOLaaWl,nbBnK
158,336,JWflK,WtdnKypG
279,202,tOMAwGZ,oLPlVVzKkR
126,297,fECCH,IDbTUewQ
232,274,hFbtZka,MAOHcS
245,172,aActrtGcvT,pKFTrlimoo
101,324,NLCPuXh,XAxRopQYT
158,257,MvXIwl,qfPdmqkT
215,201,selkVxzrq,RoIRsP
297,197,wnZcoHddu,fwdBKpo
179,349,HAAliALeB,ZMdz cIK
284,262,saiWqbBv,cMXpM
177,238,zbADX,oZMSnPiWY
173,312,fxFdsCJ,WSGSP
122,239,ymoExYh,cKqeiOSBe
179,321,XICWYJdY,TOvWXtGdkY
100,227,lDBpuQj,PMQuTaFY
129,189,EuPqEZhESJ,rjzIIKu
300,179,MOKIHDK,mnvKCrRQI
283,175,UAhxN,ebrOXx
116,159,usDSIkBonF,IpjpI
177,383,zbBBU,gypru Din
195,309,vlrFkRy,myrKZINeMP
121,194,wFxPsX,NIVAQNdzc
270,342,jCxsBD,WxenlILVu
153,383,vfhJYQUf,RpDyqJ
276,371,ZWPqcifzN,XsbDMRX
258,396,uEnaRH,noCbb
183,228,MUV Xj,xtAPyVNCb
118,162,gzuHNl,vkurVGpZvz
187,165,tGDRKi uE,ZYuikkFwj
237,195,ZNwAkOUKfI,tvvza
130,264,NGYnqPqKe,uZctKcG
182,225,yeOoACT,ORtatXjLv
283,212,gCNYMA J,fTiTm
242,307,DJXYkQd,ziINkMY
132,174,H eCCq,BVphe
134,197,BmaQPSsQt,ZGCeZSUZ
259,272,SYKFopy,vHubyOxaF
140,245,zkrIiSOpa,oYAgd
226,265,yBGbweRYY,CqDEEQF
112,174,rhNYXqiG,cndzV
163,303,lyeZN,gjATKJ
205,202,"DmPdh ",ZFYWBrRhdd
238,204,YcodsgK,FlQKpLy
189,285,FbuTBwvcS,luhDJq
294,336,ORcXru pE,KieIPpwN
168,188,lLTcUm,aeOly
255,350,"cRXHq ",cKrcKQC
215,184,cgDjSSPBM,OWQYQa
299,356,fzVqdEZf,QbJtjdCDw
146,399,GsUnKWkC,HYTheFl
210,226,nojzltBFi,YFCgLq
155,188,GqOBtFGz,"ejA nG "
113,228,cDxbJwGnOE,QuTRXK By
119,334,BXoGEkif,tHljv
144,158,VwjwS,FpeHHWX
164,341,wLsglouwH,"EUTUHQOh "
163,278,KYLdlJ," luet"
151,346,odOAu,ImjPi
152,338,fqoDUTh,DYxNR
235,302,AdIx win,a BsC
266,391,"jQPPsdcW ","AWdAYs "
132,232,vqL Qeqrcn,oFXrXT
226,348,AzotZmqPD,SlUpC
130,277,jKNphM,XkXgmQSE
114,279,IcsuDhsdh,tRfDFYJi
115,389,wcemRDtu," Mcyaf"
237,377,tQhpLb,sYYrjwt
174,393,UEwPMZx,EeZON
218,337,vpbPCiJW,PhMoe
204,205,FtegS,SfsyrnTx
246,284,oCegEzR,XfrgsmVqy
137,232,kIhwd Hb,zwYCDvfW
251,300,Pphdep,CMoKEXMj
138,296,Wpplv,ZVQsqyV
157,191,Mzfzdxi,nHRAbfefFU
256,204,wqFLI,puSRZJ
273,232,tLkuUU,abHqd Tc
211,243,KEKarld,NyrkXhzW
265,316,BMqUAXwq,INJcojrRpw
118,365,hgAdEW,gGSAqcC mr
227,379,swHToo,IPdboNh
208,243,AUSwQz ZTY,lTPZlG
143,313,deWWJtYG,TRjTF
226,267,sYeQkSilP,GeoNZjt u
150,218,lapwns,AxfeWNib
248,251,WyJiyG,nQzCLXojld
298,266,evtTQY,oYrRqNUqyU
191,222,KiQDrO,vpCGB
279,289,vjmSCfH,yIdJSUbDX
215,324,PbWPM BPe,tOnIz
300,394,gJDIA,GZPbblS
132,251,p FzlOGhE,qBQeb
180,283,BDmCMN,DWxUj
214,389,FXBwjd,KLbLfD
169,356,apQKDeTMjv,IGUFWf
296,308,liItYdDO,wAAfqQXwfr
150,321,neRaCoLnT,KczCF
231,218,nVzLwao,sBvuEQ s
268,179,HFMtAY,YOEOFO
176,215,oowyKHIrT,tLpaZfh
183,256,lowgQDFtPg,ghTMn
216,174,EMLSeWYC,GiApU
191,212,cBKFLBEMDo,QkHPpNTiIS
236,379,uueth,vNzTBQaE
155,360,qNjAokV,htHFduVws
233,386,CEXjm,JeKJN
137,285,BUBth,QDgZtPOO R
274,216,w Zzno,jhuclr
170,319,UXtzB,iVctOcBAo
276,395,CtwmmEV,LZkoH
228,317,bcEejxAPi,WiU bvD
191,185,snOP c,KQRJW
134,281,ufuLzHqELu,bYJYkamaP
280,251,wsuJQDB,qGeCI
139,311," xLieobb",SjGAZP
155,162,uwfobgahF," OxnmAO Xj"
156,299,iKNAvPz,g CqjReGC
263,293,FklY zYB,LUZzCbl
159,192," oxRVgU",nhSMTq
217,329,UDkNv Mpym,ZERlFL
143,333,nBNZeZ,muwQSn
115,247,"WpaK ",qUscDXzaCp
290,327,cURxsIfT,qvQcQmQc
254,236,sTTVVw,pCJmK
156,313,ptQVRmLHb,"cjJmJGvfz "
251,158,TaaiYGl,ALZPng
292,377,ZNYfcM,JZYQii
275,336,RYLLqBDD,IdhJxzzN
103,333,CfnhIEaGW,gqRws
228,179,ifsFLAYOF,y cC  L
125,180,ofxDbIL,NUqEGh
213,332,nISxE,mCdFj
214,252,UNyaZ,oaHpiCm
158,256,sDdqTLUB,GoOUqczw
228,368,roxQLS,hEUVY z
104,281,GwwQcf,FISVb
134,334,"SFXjZEJzB ",dOYoHnz
242,284,U ttpE,qtale
275,262,AQzYrW,GCYrqme
135,315,ejZmaxmtl,RlYKPWIxX
276,311,AIgrGTJBJi,Ht inIz
175,162,l rYm WWD,wxNOgGdEkd
226,277,UnqVHrbKvM,PWEEBCRhFE
176,242,dSlOlX,ADAmPOt
156,161,ENaGAVSBYL,QhKmcQ
232,353,uoaQ aoviB,CMJBdCc
175,266,pukyEdnIw,iKrLVsO
187,339,JBWrdG,LoGtQaQhke
199,248,nSFdFFivo,BPhuG
226,235,nr ZlDx,EOTwmaQqz
201,281,lpOyDaDk,KDJIGRsr
152,260,SIiuZUO,HVReG
119,248,zuIDygTS,ptfEczy
227,371,vJjMf,dHiUQzWE
159,351,YmLafjAOfn,gvczov
296,297,JzpZvYL,KzeilnTPu
267,221,CxZqQNK,vzvLBl
208,253,haOpfQOsZ,VnMYgg
202,215,hQNLfOmEj,jzrZkdvRP
299,168,kKXjrK,"dOUMPxo "
263,368,sFMQV,zFdKZwAktG
236,236,DQDhEjkGGY,aHrOuzOlUS
146,385,SShh OshE,fhHtJE
138,352,dAcglSSMX,jqRyuaeDjK
207,360,YHpNeTxWH,hNlVKERh
291,340,UMBMaPxhZ,ULgPHPCm
145,164,"jLXcCmbdn "," GmWUnu"
180,296,yFZYkPHp,hFOitY
257,310,RZomhWa,BUZqSHaV
262,344,cJQYMjvfD,GPSBzqEG
247,345,Obgri,VoDqHUBtl
266,239,XGsLXzKpnX,imqRZs
274,220,MMlILS,JBqqF
168,395,lOQDLO,LAxXVPPEH
104,257,pAjERpEvmH,SpkxuDr
228,207,YDZzmI,CZNPq
206,226,GGYDfUZh,WI Cq
246,247,pRnNm,VuWPqddfMA
143,206,FgIIpTdp,iJZ mS
261,275,auwELaRERH,MSoprOe
210,353,jnXiqyVjHR,KLjBt a
160,357,oyODn,IMoAcWf
125,230,gtczEzB,NdEckcyjcV
172,247,eJroIgoQt,Yvnyb zGk
291,366,sCCBl,uZCwbSzY
143,256,JoiDAH,FqAXWRAF
116,245,jlefu,QpYLGXmit
283,222,yjehcikI,ufbHXV
218,314,Hzeoqzstc,AieXg
130,345,VdNBJY,JIuIT
159,386,Bjavq,dugnNP
262,174,jPGZhhxGar,djzLODvx
104,207,mXRmADr,HylEleZOz
180,346,awjUbODJFt,OiprTwyfK
257,229,ZW dNJCfI,wZmfckUgE
253,250,qBymmy,zrgpod
185,191,tcCytYoRZ,fzsvV
146,263,ebAaMqzHzL,endUlQOgu
277,313,qUWee,GkgNfUWv
208,318,TuwYKzTV k,IVJMHPz
279,161,IWyDoYEjEG,NLiJoDqk
289,279,wxIYGPo,jHEXpRRmAg
252,393,Yrbxx,APbOZYSwe
179,189,WLetInz,heSEbTlTR
100,356," DQCHUp",FLYRUMH
160,225,UAUiIcX,AmdUgfzsx
279,390,WBWFkfM,jYWoGiuM w
252,328,ZOLOQ,pIBhi
126,336,TJPlQ,xQwrT
234,237,Xpwi nsVNh,EyrnmEWdzN
248,354,TWTdMeoba,AeMjvlUgm
192,196,HhFZes,HwXgVSn
182,366,QGgSD,oETvKqMLK
242,347,NpoPR,jROGkivS
110,275,gHREBPq,qJWLJMtE
282,150," oigPmP",NszBLNHK
194,237,wtslyr,gqUFJRNxnS
202,323,KHUhOzKaQP," QYuxM"
251,204,wAnnc,Ptzxzyng
130,191,gPMvIndc,QCFmDgtH
183,211,OXuhqfcA,yCBtzio
164,151,lWCDmsw,GgzQbS
273,291,IThbKsu,KXGGOG
136,357,uKMpJ,"zZnrJRXBg "
238,289,FmAlHegzOQ,WbnsUWZt
130,167,cDVToHMy,LIvHu
193,253,fUeKq,QJgdmFrQAn
138,332,"mELI ",sL bVpxt
217,320," klML",bTVXYngzg
177,188,msZeWQ,PfPTV
123,181,GFyWfneMJ,LrMgyw
107,380,OcIftOeE,GtsZUseipb
171,258,ubMuMaN,JYfWHkGL
192,288,yVnDJ,vNQ t
213,397,NMNKvQy,oDdtqVBi
247,195,HwxvaeVSa,TuicDyT
167,262,kMe asuHDc,fYpofurJ
103,246,nGFLRXu,"qOdOhIQc "